{
  "mass": 1.45,
  "centerOfMass": [
    0,
    0,
    0.0717
  ],
  "transformation": [
    1,
    0,
    0,
    0,
    0,
    1,
    0,
    0,
    0,
    0,
    1,
    0,
    0,
    0,
    0,
    1
  ],
  "inertia": [
    0.002768,
    0,
    0,
    0,
    0.003149,
    0,
    0,
    0,
    0.000564
  ],
  "collisionModel": {
    "pointA": [
      0,
      0.005,
      0,
      0,
      0,
      0,
      0,
      0,
      0
    ],
    "pointB": [
      0,
      -0.005,
      0,
      0,
      0,
      0,
      0,
      0,
      0
    ],
    "radius": [
      0.005,
      0,
      0
    ]
  }
}
